,Year,STATE,ENERGY SOURCE,GENERATION (MWh),Date,TOTAL_rev,TOTAL_sales,TOTAL_cust,TOTAL_price,Temperature,Delta from Mean Temp,Percipitation (in),Delta from Mean Pcp,Z-index Drought,Delta from Mean Z
0,1990,US-TOTAL,Coal,1594011479.004,1990-01-01,178242791.0,2712554662.0,0.0,6.461,53.514,1.495,32.17,2.23,0.182,0.085
1,1990,US-TOTAL,Geothermal,15434271.0,1990-01-01,178242791.0,2712554662.0,0.0,6.461,53.514,1.495,32.17,2.23,0.182,0.085
2,1990,US-TOTAL,Hydroelectric Conventional,292865846.004,1990-01-01,178242791.0,2712554662.0,0.0,6.461,53.514,1.495,32.17,2.23,0.182,0.085
3,1990,US-TOTAL,Natural Gas,372765153.996,1990-01-01,178242791.0,2712554662.0,0.0,6.461,53.514,1.495,32.17,2.23,0.182,0.085
4,1990,US-TOTAL,Nuclear,576861678.0,1990-01-01,178242791.0,2712554662.0,0.0,6.461,53.514,1.495,32.17,2.23,0.182,0.085
5,1990,US-TOTAL,Other,3615663.0,1990-01-01,178242791.0,2712554662.0,0.0,6.461,53.514,1.495,32.17,2.23,0.182,0.085
6,1990,US-TOTAL,Other Biomass,13260378.996,1990-01-01,178242791.0,2712554662.0,0.0,6.461,53.514,1.495,32.17,2.23,0.182,0.085
7,1990,US-TOTAL,Other Gases,10382829.996,1990-01-01,178242791.0,2712554662.0,0.0,6.461,53.514,1.495,32.17,2.23,0.182,0.085
8,1990,US-TOTAL,Petroleum,126460202.004,1990-01-01,178242791.0,2712554662.0,0.0,6.461,53.514,1.495,32.17,2.23,0.182,0.085
9,1990,US-TOTAL,Pumped Storage,-3507741.0,1990-01-01,178242791.0,2712554662.0,0.0,6.461,53.514,1.495,32.17,2.23,0.182,0.085
10,1990,US-TOTAL,Solar Thermal and Photovoltaic,367086.996,1990-01-01,178242791.0,2712554662.0,0.0,6.461,53.514,1.495,32.17,2.23,0.182,0.085
12,1990,US-TOTAL,Wind,2788599.996,1990-01-01,178242791.0,2712554662.0,0.0,6.461,53.514,1.495,32.17,2.23,0.182,0.085
13,1990,US-TOTAL,Wood and Wood Derived Fuels,32521889.004,1990-01-01,178242791.0,2712554662.0,0.0,6.461,53.514,1.495,32.17,2.23,0.182,0.085
14,1991,US-TOTAL,Coal,1590622748.004,1991-01-01,186358705.0,2762003050.0,0.0,6.632,53.158,1.139,32.44,2.5,0.562,0.465
15,1991,US-TOTAL,Geothermal,15966444.0,1991-01-01,186358705.0,2762003050.0,0.0,6.632,53.158,1.139,32.44,2.5,0.562,0.465
16,1991,US-TOTAL,Hydroelectric Conventional,288994188.996,1991-01-01,186358705.0,2762003050.0,0.0,6.632,53.158,1.139,32.44,2.5,0.562,0.465
17,1991,US-TOTAL,Natural Gas,381553017.0,1991-01-01,186358705.0,2762003050.0,0.0,6.632,53.158,1.139,32.44,2.5,0.562,0.465
18,1991,US-TOTAL,Nuclear,612565086.996,1991-01-01,186358705.0,2762003050.0,0.0,6.632,53.158,1.139,32.44,2.5,0.562,0.465
19,1991,US-TOTAL,Other,4738848.996,1991-01-01,186358705.0,2762003050.0,0.0,6.632,53.158,1.139,32.44,2.5,0.562,0.465
20,1991,US-TOTAL,Other Biomass,15664746.0,1991-01-01,186358705.0,2762003050.0,0.0,6.632,53.158,1.139,32.44,2.5,0.562,0.465
21,1991,US-TOTAL,Other Gases,11335593.0,1991-01-01,186358705.0,2762003050.0,0.0,6.632,53.158,1.139,32.44,2.5,0.562,0.465
22,1991,US-TOTAL,Petroleum,119751573.0,1991-01-01,186358705.0,2762003050.0,0.0,6.632,53.158,1.139,32.44,2.5,0.562,0.465
23,1991,US-TOTAL,Pumped Storage,-4541435.004,1991-01-01,186358705.0,2762003050.0,0.0,6.632,53.158,1.139,32.44,2.5,0.562,0.465
24,1991,US-TOTAL,Solar Thermal and Photovoltaic,471765.0,1991-01-01,186358705.0,2762003050.0,0.0,6.632,53.158,1.139,32.44,2.5,0.562,0.465
26,1991,US-TOTAL,Wind,2950950.996,1991-01-01,186358705.0,2762003050.0,0.0,6.632,53.158,1.139,32.44,2.5,0.562,0.465
27,1991,US-TOTAL,Wood and Wood Derived Fuels,33725358.0,1991-01-01,186358705.0,2762003050.0,0.0,6.632,53.158,1.139,32.44,2.5,0.562,0.465
28,1992,US-TOTAL,Coal,1621206039.0,1992-01-01,188480315.0,2763365474.0,0.0,6.724,52.604,0.585,31.26,1.32,0.764,0.667
29,1992,US-TOTAL,Geothermal,16137962.004,1992-01-01,188480315.0,2763365474.0,0.0,6.724,52.604,0.585,31.26,1.32,0.764,0.667
30,1992,US-TOTAL,Hydroelectric Conventional,253088003.004,1992-01-01,188480315.0,2763365474.0,0.0,6.724,52.604,0.585,31.26,1.32,0.764,0.667
31,1992,US-TOTAL,Natural Gas,404074371.996,1992-01-01,188480315.0,2763365474.0,0.0,6.724,52.604,0.585,31.26,1.32,0.764,0.667
32,1992,US-TOTAL,Nuclear,618776262.996,1992-01-01,188480315.0,2763365474.0,0.0,6.724,52.604,0.585,31.26,1.32,0.764,0.667
33,1992,US-TOTAL,Other,3719886.996,1992-01-01,188480315.0,2763365474.0,0.0,6.724,52.604,0.585,31.26,1.32,0.764,0.667
34,1992,US-TOTAL,Other Biomass,17816034.996,1992-01-01,188480315.0,2763365474.0,0.0,6.724,52.604,0.585,31.26,1.32,0.764,0.667
35,1992,US-TOTAL,Other Gases,13270236.996,1992-01-01,188480315.0,2763365474.0,0.0,6.724,52.604,0.585,31.26,1.32,0.764,0.667
36,1992,US-TOTAL,Petroleum,100154163.0,1992-01-01,188480315.0,2763365474.0,0.0,6.724,52.604,0.585,31.26,1.32,0.764,0.667
37,1992,US-TOTAL,Pumped Storage,-4176582.0,1992-01-01,188480315.0,2763365474.0,0.0,6.724,52.604,0.585,31.26,1.32,0.764,0.667
38,1992,US-TOTAL,Solar Thermal and Photovoltaic,399639.996,1992-01-01,188480315.0,2763365474.0,0.0,6.724,52.604,0.585,31.26,1.32,0.764,0.667
40,1992,US-TOTAL,Wind,2887523.004,1992-01-01,188480315.0,2763365474.0,0.0,6.724,52.604,0.585,31.26,1.32,0.764,0.667
41,1992,US-TOTAL,Wood and Wood Derived Fuels,36528662.004,1992-01-01,188480315.0,2763365474.0,0.0,6.724,52.604,0.585,31.26,1.32,0.764,0.667
42,1993,US-TOTAL,Coal,1690070232.0,1993-01-01,198220188.0,2861462336.0,0.0,6.861,51.262,-0.757,32.62,2.68,1.533,1.436
43,1993,US-TOTAL,Geothermal,16788564.996,1993-01-01,198220188.0,2861462336.0,0.0,6.861,51.262,-0.757,32.62,2.68,1.533,1.436
44,1993,US-TOTAL,Hydroelectric Conventional,280494008.004,1993-01-01,198220188.0,2861462336.0,0.0,6.861,51.262,-0.757,32.62,2.68,1.533,1.436
45,1993,US-TOTAL,Natural Gas,414926798.004,1993-01-01,198220188.0,2861462336.0,0.0,6.861,51.262,-0.757,32.62,2.68,1.533,1.436
46,1993,US-TOTAL,Nuclear,610291214.004,1993-01-01,198220188.0,2861462336.0,0.0,6.861,51.262,-0.757,32.62,2.68,1.533,1.436
47,1993,US-TOTAL,Other,3487155.996,1993-01-01,198220188.0,2861462336.0,0.0,6.861,51.262,-0.757,32.62,2.68,1.533,1.436
48,1993,US-TOTAL,Other Biomass,18333030.996,1993-01-01,198220188.0,2861462336.0,0.0,6.861,51.262,-0.757,32.62,2.68,1.533,1.436
49,1993,US-TOTAL,Other Gases,12955797.996,1993-01-01,198220188.0,2861462336.0,0.0,6.861,51.262,-0.757,32.62,2.68,1.533,1.436
50,1993,US-TOTAL,Petroleum,112788180.0,1993-01-01,198220188.0,2861462336.0,0.0,6.861,51.262,-0.757,32.62,2.68,1.533,1.436
51,1993,US-TOTAL,Pumped Storage,-4035572.004,1993-01-01,198220188.0,2861462336.0,0.0,6.861,51.262,-0.757,32.62,2.68,1.533,1.436
52,1993,US-TOTAL,Solar Thermal and Photovoltaic,462452.004,1993-01-01,198220188.0,2861462336.0,0.0,6.861,51.262,-0.757,32.62,2.68,1.533,1.436
54,1993,US-TOTAL,Wind,3005826.996,1993-01-01,198220188.0,2861462336.0,0.0,6.861,51.262,-0.757,32.62,2.68,1.533,1.436
55,1993,US-TOTAL,Wood and Wood Derived Fuels,37623407.004,1993-01-01,198220188.0,2861462336.0,0.0,6.861,51.262,-0.757,32.62,2.68,1.533,1.436
56,1994,US-TOTAL,Coal,1690693863.996,1994-01-01,202705976.0,2934562867.0,0.0,6.871,52.866,0.847,30.62,0.68,0.135,0.037
57,1994,US-TOTAL,Geothermal,15535452.996,1994-01-01,202705976.0,2934562867.0,0.0,6.871,52.866,0.847,30.62,0.68,0.135,0.037
58,1994,US-TOTAL,Hydroelectric Conventional,260125733.004,1994-01-01,202705976.0,2934562867.0,0.0,6.871,52.866,0.847,30.62,0.68,0.135,0.037
59,1994,US-TOTAL,Natural Gas,460218681.996,1994-01-01,202705976.0,2934562867.0,0.0,6.871,52.866,0.847,30.62,0.68,0.135,0.037
60,1994,US-TOTAL,Nuclear,640439832.0,1994-01-01,202705976.0,2934562867.0,0.0,6.871,52.866,0.847,30.62,0.68,0.135,0.037
61,1994,US-TOTAL,Other,3666924.996,1994-01-01,202705976.0,2934562867.0,0.0,6.871,52.866,0.847,30.62,0.68,0.135,0.037
62,1994,US-TOTAL,Other Biomass,19128594.996,1994-01-01,202705976.0,2934562867.0,0.0,6.871,52.866,0.847,30.62,0.68,0.135,0.037
63,1994,US-TOTAL,Other Gases,13319051.004,1994-01-01,202705976.0,2934562867.0,0.0,6.871,52.866,0.847,30.62,0.68,0.135,0.037
64,1994,US-TOTAL,Petroleum,105900983.004,1994-01-01,202705976.0,2934562867.0,0.0,6.871,52.866,0.847,30.62,0.68,0.135,0.037
65,1994,US-TOTAL,Pumped Storage,-3377825.004,1994-01-01,202705976.0,2934562867.0,0.0,6.871,52.866,0.847,30.62,0.68,0.135,0.037
66,1994,US-TOTAL,Solar Thermal and Photovoltaic,486621.996,1994-01-01,202705976.0,2934562867.0,0.0,6.871,52.866,0.847,30.62,0.68,0.135,0.037
68,1994,US-TOTAL,Wind,3447108.996,1994-01-01,202705976.0,2934562867.0,0.0,6.871,52.866,0.847,30.62,0.68,0.135,0.037
69,1994,US-TOTAL,Wood and Wood Derived Fuels,37937364.0,1994-01-01,202705976.0,2934562867.0,0.0,6.871,52.866,0.847,30.62,0.68,0.135,0.037
70,1995,US-TOTAL,Coal,1709426468.004,1995-01-01,207716916.0,3013286575.0,0.0,6.891,52.653,0.634,32.69,2.75,1.047,0.949
71,1995,US-TOTAL,Geothermal,13378257.996,1995-01-01,207716916.0,3013286575.0,0.0,6.891,52.653,0.634,32.69,2.75,1.047,0.949
72,1995,US-TOTAL,Hydroelectric Conventional,310832748.0,1995-01-01,207716916.0,3013286575.0,0.0,6.891,52.653,0.634,32.69,2.75,1.047,0.949
73,1995,US-TOTAL,Natural Gas,496057944.996,1995-01-01,207716916.0,3013286575.0,0.0,6.891,52.653,0.634,32.69,2.75,1.047,0.949
74,1995,US-TOTAL,Nuclear,673402122.996,1995-01-01,207716916.0,3013286575.0,0.0,6.891,52.653,0.634,32.69,2.75,1.047,0.949
75,1995,US-TOTAL,Other,4103808.0,1995-01-01,207716916.0,3013286575.0,0.0,6.891,52.653,0.634,32.69,2.75,1.047,0.949
76,1995,US-TOTAL,Other Biomass,20404971.0,1995-01-01,207716916.0,3013286575.0,0.0,6.891,52.653,0.634,32.69,2.75,1.047,0.949
77,1995,US-TOTAL,Other Gases,13869951.0,1995-01-01,207716916.0,3013286575.0,0.0,6.891,52.653,0.634,32.69,2.75,1.047,0.949
78,1995,US-TOTAL,Petroleum,74554065.0,1995-01-01,207716916.0,3013286575.0,0.0,6.891,52.653,0.634,32.69,2.75,1.047,0.949
79,1995,US-TOTAL,Pumped Storage,-2725131.0,1995-01-01,207716916.0,3013286575.0,0.0,6.891,52.653,0.634,32.69,2.75,1.047,0.949
80,1995,US-TOTAL,Solar Thermal and Photovoltaic,496821.0,1995-01-01,207716916.0,3013286575.0,0.0,6.891,52.653,0.634,32.69,2.75,1.047,0.949
82,1995,US-TOTAL,Wind,3164253.0,1995-01-01,207716916.0,3013286575.0,0.0,6.891,52.653,0.634,32.69,2.75,1.047,0.949
83,1995,US-TOTAL,Wood and Wood Derived Fuels,36521082.0,1995-01-01,207716916.0,3013286575.0,0.0,6.891,52.653,0.634,32.69,2.75,1.047,0.949
84,1996,US-TOTAL,Coal,1795195593.0,1996-01-01,212608584.0,3101127032.0,0.0,6.897,51.885,-0.134,33.7,3.76,1.426,1.328
85,1996,US-TOTAL,Geothermal,14328684.0,1996-01-01,212608584.0,3101127032.0,0.0,6.897,51.885,-0.134,33.7,3.76,1.426,1.328
86,1996,US-TOTAL,Hydroelectric Conventional,347162063.004,1996-01-01,212608584.0,3101127032.0,0.0,6.897,51.885,-0.134,33.7,3.76,1.426,1.328
87,1996,US-TOTAL,Natural Gas,455055576.0,1996-01-01,212608584.0,3101127032.0,0.0,6.897,51.885,-0.134,33.7,3.76,1.426,1.328
88,1996,US-TOTAL,Nuclear,674728545.996,1996-01-01,212608584.0,3101127032.0,0.0,6.897,51.885,-0.134,33.7,3.76,1.426,1.328
89,1996,US-TOTAL,Other,3571278.996,1996-01-01,212608584.0,3101127032.0,0.0,6.897,51.885,-0.134,33.7,3.76,1.426,1.328
90,1996,US-TOTAL,Other Biomass,20911335.996,1996-01-01,212608584.0,3101127032.0,0.0,6.897,51.885,-0.134,33.7,3.76,1.426,1.328
91,1996,US-TOTAL,Other Gases,14355813.0,1996-01-01,212608584.0,3101127032.0,0.0,6.897,51.885,-0.134,33.7,3.76,1.426,1.328
92,1996,US-TOTAL,Petroleum,81411225.0,1996-01-01,212608584.0,3101127032.0,0.0,6.897,51.885,-0.134,33.7,3.76,1.426,1.328
93,1996,US-TOTAL,Pumped Storage,-3088077.996,1996-01-01,212608584.0,3101127032.0,0.0,6.897,51.885,-0.134,33.7,3.76,1.426,1.328
94,1996,US-TOTAL,Solar Thermal and Photovoltaic,521205.0,1996-01-01,212608584.0,3101127032.0,0.0,6.897,51.885,-0.134,33.7,3.76,1.426,1.328
96,1996,US-TOTAL,Wind,3234069.0,1996-01-01,212608584.0,3101127032.0,0.0,6.897,51.885,-0.134,33.7,3.76,1.426,1.328
97,1996,US-TOTAL,Wood and Wood Derived Fuels,36800310.0,1996-01-01,212608584.0,3101127032.0,0.0,6.897,51.885,-0.134,33.7,3.76,1.426,1.328
98,1997,US-TOTAL,Coal,1845015735.996,1997-01-01,215334328.0,3145610430.0,0.0,6.893,52.202,0.183,31.86,1.92,0.947,0.85
99,1997,US-TOTAL,Geothermal,14726102.004,1997-01-01,215334328.0,3145610430.0,0.0,6.893,52.202,0.183,31.86,1.92,0.947,0.85
100,1997,US-TOTAL,Hydroelectric Conventional,356453295.0,1997-01-01,215334328.0,3145610430.0,0.0,6.893,52.202,0.183,31.86,1.92,0.947,0.85
101,1997,US-TOTAL,Natural Gas,479398670.004,1997-01-01,215334328.0,3145610430.0,0.0,6.893,52.202,0.183,31.86,1.92,0.947,0.85
102,1997,US-TOTAL,Nuclear,628644171.0,1997-01-01,215334328.0,3145610430.0,0.0,6.893,52.202,0.183,31.86,1.92,0.947,0.85
103,1997,US-TOTAL,Other,3611990.004,1997-01-01,215334328.0,3145610430.0,0.0,6.893,52.202,0.183,31.86,1.92,0.947,0.85
104,1997,US-TOTAL,Other Biomass,21709073.004,1997-01-01,215334328.0,3145610430.0,0.0,6.893,52.202,0.183,31.86,1.92,0.947,0.85
105,1997,US-TOTAL,Other Gases,13350633.996,1997-01-01,215334328.0,3145610430.0,0.0,6.893,52.202,0.183,31.86,1.92,0.947,0.85
106,1997,US-TOTAL,Petroleum,92554872.996,1997-01-01,215334328.0,3145610430.0,0.0,6.893,52.202,0.183,31.86,1.92,0.947,0.85
107,1997,US-TOTAL,Pumped Storage,-4039905.0,1997-01-01,215334328.0,3145610430.0,0.0,6.893,52.202,0.183,31.86,1.92,0.947,0.85
108,1997,US-TOTAL,Solar Thermal and Photovoltaic,511167.996,1997-01-01,215334328.0,3145610430.0,0.0,6.893,52.202,0.183,31.86,1.92,0.947,0.85
110,1997,US-TOTAL,Wind,3288035.004,1997-01-01,215334328.0,3145610430.0,0.0,6.893,52.202,0.183,31.86,1.92,0.947,0.85
111,1997,US-TOTAL,Wood and Wood Derived Fuels,36948441.0,1997-01-01,215334328.0,3145610430.0,0.0,6.893,52.202,0.183,31.86,1.92,0.947,0.85
112,1998,US-TOTAL,Coal,1873515690.0,1998-01-01,219848155.0,3264230749.0,0.0,6.804,54.233,2.214,33.89,3.95,0.684,0.587
113,1998,US-TOTAL,Geothermal,14773917.996,1998-01-01,219848155.0,3264230749.0,0.0,6.804,54.233,2.214,33.89,3.95,0.684,0.587
114,1998,US-TOTAL,Hydroelectric Conventional,323335661.004,1998-01-01,219848155.0,3264230749.0,0.0,6.804,54.233,2.214,33.89,3.95,0.684,0.587
115,1998,US-TOTAL,Natural Gas,531257103.996,1998-01-01,219848155.0,3264230749.0,0.0,6.804,54.233,2.214,33.89,3.95,0.684,0.587
116,1998,US-TOTAL,Nuclear,673702104.0,1998-01-01,219848155.0,3264230749.0,0.0,6.804,54.233,2.214,33.89,3.95,0.684,0.587
117,1998,US-TOTAL,Other,3571410.0,1998-01-01,219848155.0,3264230749.0,0.0,6.804,54.233,2.214,33.89,3.95,0.684,0.587
118,1998,US-TOTAL,Other Biomass,22447935.0,1998-01-01,219848155.0,3264230749.0,0.0,6.804,54.233,2.214,33.89,3.95,0.684,0.587
119,1998,US-TOTAL,Other Gases,13492230.0,1998-01-01,219848155.0,3264230749.0,0.0,6.804,54.233,2.214,33.89,3.95,0.684,0.587
120,1998,US-TOTAL,Petroleum,128800173.0,1998-01-01,219848155.0,3264230749.0,0.0,6.804,54.233,2.214,33.89,3.95,0.684,0.587
121,1998,US-TOTAL,Pumped Storage,-4467279.996,1998-01-01,219848155.0,3264230749.0,0.0,6.804,54.233,2.214,33.89,3.95,0.684,0.587
122,1998,US-TOTAL,Solar Thermal and Photovoltaic,502473.0,1998-01-01,219848155.0,3264230749.0,0.0,6.804,54.233,2.214,33.89,3.95,0.684,0.587
124,1998,US-TOTAL,Wind,3025695.996,1998-01-01,219848155.0,3264230749.0,0.0,6.804,54.233,2.214,33.89,3.95,0.684,0.587
125,1998,US-TOTAL,Wood and Wood Derived Fuels,36338384.004,1998-01-01,219848155.0,3264230749.0,0.0,6.804,54.233,2.214,33.89,3.95,0.684,0.587
126,1999,US-TOTAL,Coal,1881087224.004,1999-01-01,219896087.0,3312087083.0,0.0,6.738,53.876,1.857,28.47,-1.47,-0.707,-0.804
127,1999,US-TOTAL,Geothermal,14827013.004,1999-01-01,219896087.0,3312087083.0,0.0,6.738,53.876,1.857,28.47,-1.47,-0.707,-0.804
128,1999,US-TOTAL,Hydroelectric Conventional,319536029.004,1999-01-01,219896087.0,3312087083.0,0.0,6.738,53.876,1.857,28.47,-1.47,-0.707,-0.804
129,1999,US-TOTAL,Natural Gas,556396127.004,1999-01-01,219896087.0,3312087083.0,0.0,6.738,53.876,1.857,28.47,-1.47,-0.707,-0.804
130,1999,US-TOTAL,Nuclear,728254124.004,1999-01-01,219896087.0,3312087083.0,0.0,6.738,53.876,1.857,28.47,-1.47,-0.707,-0.804
131,1999,US-TOTAL,Other,4023773.004,1999-01-01,219896087.0,3312087083.0,0.0,6.738,53.876,1.857,28.47,-1.47,-0.707,-0.804
132,1999,US-TOTAL,Other Biomass,22572174.996,1999-01-01,219896087.0,3312087083.0,0.0,6.738,53.876,1.857,28.47,-1.47,-0.707,-0.804
133,1999,US-TOTAL,Other Gases,14125592.004,1999-01-01,219896087.0,3312087083.0,0.0,6.738,53.876,1.857,28.47,-1.47,-0.707,-0.804
134,1999,US-TOTAL,Petroleum,118060838.004,1999-01-01,219896087.0,3312087083.0,0.0,6.738,53.876,1.857,28.47,-1.47,-0.707,-0.804
135,1999,US-TOTAL,Pumped Storage,-6096899.004,1999-01-01,219896087.0,3312087083.0,0.0,6.738,53.876,1.857,28.47,-1.47,-0.707,-0.804
136,1999,US-TOTAL,Solar Thermal and Photovoltaic,495081.996,1999-01-01,219896087.0,3312087083.0,0.0,6.738,53.876,1.857,28.47,-1.47,-0.707,-0.804
138,1999,US-TOTAL,Wind,4487997.996,1999-01-01,219896087.0,3312087083.0,0.0,6.738,53.876,1.857,28.47,-1.47,-0.707,-0.804
139,1999,US-TOTAL,Wood and Wood Derived Fuels,37040733.996,1999-01-01,219896087.0,3312087083.0,0.0,6.738,53.876,1.857,28.47,-1.47,-0.707,-0.804
140,2000,US-TOTAL,Coal,1966264596.0,2000-01-01,233163397.0,3421414256.0,0.0,6.861,53.267,1.248,28.22,-1.72,-1.416,-1.513
141,2000,US-TOTAL,Geothermal,14093157.996,2000-01-01,233163397.0,3421414256.0,0.0,6.861,53.267,1.248,28.22,-1.72,-1.416,-1.513
142,2000,US-TOTAL,Hydroelectric Conventional,275572596.996,2000-01-01,233163397.0,3421414256.0,0.0,6.861,53.267,1.248,28.22,-1.72,-1.416,-1.513
143,2000,US-TOTAL,Natural Gas,601038159.0,2000-01-01,233163397.0,3421414256.0,0.0,6.861,53.267,1.248,28.22,-1.72,-1.416,-1.513
144,2000,US-TOTAL,Nuclear,753892940.004,2000-01-01,233163397.0,3421414256.0,0.0,6.861,53.267,1.248,28.22,-1.72,-1.416,-1.513
145,2000,US-TOTAL,Other,4793913.996,2000-01-01,233163397.0,3421414256.0,0.0,6.861,53.267,1.248,28.22,-1.72,-1.416,-1.513
146,2000,US-TOTAL,Other Biomass,23131314.0,2000-01-01,233163397.0,3421414256.0,0.0,6.861,53.267,1.248,28.22,-1.72,-1.416,-1.513
147,2000,US-TOTAL,Other Gases,13954758.0,2000-01-01,233163397.0,3421414256.0,0.0,6.861,53.267,1.248,28.22,-1.72,-1.416,-1.513
148,2000,US-TOTAL,Petroleum,111220965.0,2000-01-01,233163397.0,3421414256.0,0.0,6.861,53.267,1.248,28.22,-1.72,-1.416,-1.513
149,2000,US-TOTAL,Pumped Storage,-5538860.004,2000-01-01,233163397.0,3421414256.0,0.0,6.861,53.267,1.248,28.22,-1.72,-1.416,-1.513
150,2000,US-TOTAL,Solar Thermal and Photovoltaic,493374.996,2000-01-01,233163397.0,3421414256.0,0.0,6.861,53.267,1.248,28.22,-1.72,-1.416,-1.513
152,2000,US-TOTAL,Wind,5593260.996,2000-01-01,233163397.0,3421414256.0,0.0,6.861,53.267,1.248,28.22,-1.72,-1.416,-1.513
153,2000,US-TOTAL,Wood and Wood Derived Fuels,37594866.0,2000-01-01,233163397.0,3421414256.0,0.0,6.861,53.267,1.248,28.22,-1.72,-1.416,-1.513
154,2001,US-TOTAL,Coal,1903955942.0,2001-01-01,247343101.0,3394458107.0,0.0,7.237,53.695,1.676,29.02,-0.92,-0.766,-0.863
155,2001,US-TOTAL,Geothermal,13740501.0,2001-01-01,247343101.0,3394458107.0,0.0,7.237,53.695,1.676,29.02,-0.92,-0.766,-0.863
156,2001,US-TOTAL,Hydroelectric Conventional,216961045.0,2001-01-01,247343101.0,3394458107.0,0.0,7.237,53.695,1.676,29.02,-0.92,-0.766,-0.863
157,2001,US-TOTAL,Natural Gas,639129119.0,2001-01-01,247343101.0,3394458107.0,0.0,7.237,53.695,1.676,29.02,-0.92,-0.766,-0.863
158,2001,US-TOTAL,Nuclear,768826308.0,2001-01-01,247343101.0,3394458107.0,0.0,7.237,53.695,1.676,29.02,-0.92,-0.766,-0.863
159,2001,US-TOTAL,Other,11906343.0,2001-01-01,247343101.0,3394458107.0,0.0,7.237,53.695,1.676,29.02,-0.92,-0.766,-0.863
160,2001,US-TOTAL,Other Biomass,14548151.0,2001-01-01,247343101.0,3394458107.0,0.0,7.237,53.695,1.676,29.02,-0.92,-0.766,-0.863
161,2001,US-TOTAL,Other Gases,9039473.0,2001-01-01,247343101.0,3394458107.0,0.0,7.237,53.695,1.676,29.02,-0.92,-0.766,-0.863
162,2001,US-TOTAL,Petroleum,124880222.0,2001-01-01,247343101.0,3394458107.0,0.0,7.237,53.695,1.676,29.02,-0.92,-0.766,-0.863
163,2001,US-TOTAL,Pumped Storage,-8823445.0,2001-01-01,247343101.0,3394458107.0,0.0,7.237,53.695,1.676,29.02,-0.92,-0.766,-0.863
164,2001,US-TOTAL,Solar Thermal and Photovoltaic,542755.0,2001-01-01,247343101.0,3394458107.0,0.0,7.237,53.695,1.676,29.02,-0.92,-0.766,-0.863
166,2001,US-TOTAL,Wind,6737331.0,2001-01-01,247343101.0,3394458107.0,0.0,7.237,53.695,1.676,29.02,-0.92,-0.766,-0.863
167,2001,US-TOTAL,Wood and Wood Derived Fuels,35199905.0,2001-01-01,247343101.0,3394458107.0,0.0,7.237,53.695,1.676,29.02,-0.92,-0.766,-0.863
168,2002,US-TOTAL,Coal,1933130354.0,2002-01-01,249410510.0,3465466011.0,0.0,7.13,53.208,1.189,29.05,-0.89,-0.562,-0.66
169,2002,US-TOTAL,Geothermal,14491309.0,2002-01-01,249410510.0,3465466011.0,0.0,7.13,53.208,1.189,29.05,-0.89,-0.562,-0.66
170,2002,US-TOTAL,Hydroelectric Conventional,264328831.0,2002-01-01,249410510.0,3465466011.0,0.0,7.13,53.208,1.189,29.05,-0.89,-0.562,-0.66
171,2002,US-TOTAL,Natural Gas,691005747.0,2002-01-01,249410510.0,3465466011.0,0.0,7.13,53.208,1.189,29.05,-0.89,-0.562,-0.66
172,2002,US-TOTAL,Nuclear,780064087.0,2002-01-01,249410510.0,3465466011.0,0.0,7.13,53.208,1.189,29.05,-0.89,-0.562,-0.66
173,2002,US-TOTAL,Other,13526909.0,2002-01-01,249410510.0,3465466011.0,0.0,7.13,53.208,1.189,29.05,-0.89,-0.562,-0.66
174,2002,US-TOTAL,Other Biomass,15043714.0,2002-01-01,249410510.0,3465466011.0,0.0,7.13,53.208,1.189,29.05,-0.89,-0.562,-0.66
175,2002,US-TOTAL,Other Gases,11462685.0,2002-01-01,249410510.0,3465466011.0,0.0,7.13,53.208,1.189,29.05,-0.89,-0.562,-0.66
176,2002,US-TOTAL,Petroleum,94567395.0,2002-01-01,249410510.0,3465466011.0,0.0,7.13,53.208,1.189,29.05,-0.89,-0.562,-0.66
177,2002,US-TOTAL,Pumped Storage,-8742928.0,2002-01-01,249410510.0,3465466011.0,0.0,7.13,53.208,1.189,29.05,-0.89,-0.562,-0.66
178,2002,US-TOTAL,Solar Thermal and Photovoltaic,554831.0,2002-01-01,249410510.0,3465466011.0,0.0,7.13,53.208,1.189,29.05,-0.89,-0.562,-0.66
180,2002,US-TOTAL,Wind,10354278.0,2002-01-01,249410510.0,3465466011.0,0.0,7.13,53.208,1.189,29.05,-0.89,-0.562,-0.66
181,2002,US-TOTAL,Wood and Wood Derived Fuels,38665040.0,2002-01-01,249410510.0,3465466011.0,0.0,7.13,53.208,1.189,29.05,-0.89,-0.562,-0.66
182,2003,US-TOTAL,Coal,1973736749.0,2003-01-01,259766854.0,3493734498.0,0.0,7.335,53.258,1.239,30.51,0.57,0.186,0.088
183,2003,US-TOTAL,Geothermal,14424231.0,2003-01-01,259766854.0,3493734498.0,0.0,7.335,53.258,1.239,30.51,0.57,0.186,0.088
184,2003,US-TOTAL,Hydroelectric Conventional,275806328.0,2003-01-01,259766854.0,3493734498.0,0.0,7.335,53.258,1.239,30.51,0.57,0.186,0.088
185,2003,US-TOTAL,Natural Gas,649907540.0,2003-01-01,259766854.0,3493734498.0,0.0,7.335,53.258,1.239,30.51,0.57,0.186,0.088
186,2003,US-TOTAL,Nuclear,763732695.0,2003-01-01,259766854.0,3493734498.0,0.0,7.335,53.258,1.239,30.51,0.57,0.186,0.088
187,2003,US-TOTAL,Other,14044509.0,2003-01-01,259766854.0,3493734498.0,0.0,7.335,53.258,1.239,30.51,0.57,0.186,0.088
188,2003,US-TOTAL,Other Biomass,15811991.0,2003-01-01,259766854.0,3493734498.0,0.0,7.335,53.258,1.239,30.51,0.57,0.186,0.088
189,2003,US-TOTAL,Other Gases,15600020.0,2003-01-01,259766854.0,3493734498.0,0.0,7.335,53.258,1.239,30.51,0.57,0.186,0.088
190,2003,US-TOTAL,Petroleum,119405639.0,2003-01-01,259766854.0,3493734498.0,0.0,7.335,53.258,1.239,30.51,0.57,0.186,0.088
191,2003,US-TOTAL,Pumped Storage,-8535065.0,2003-01-01,259766854.0,3493734498.0,0.0,7.335,53.258,1.239,30.51,0.57,0.186,0.088
192,2003,US-TOTAL,Solar Thermal and Photovoltaic,534001.0,2003-01-01,259766854.0,3493734498.0,0.0,7.335,53.258,1.239,30.51,0.57,0.186,0.088
194,2003,US-TOTAL,Wind,11187465.0,2003-01-01,259766854.0,3493734498.0,0.0,7.335,53.258,1.239,30.51,0.57,0.186,0.088
195,2003,US-TOTAL,Wood and Wood Derived Fuels,37529096.0,2003-01-01,259766854.0,3493734498.0,0.0,7.335,53.258,1.239,30.51,0.57,0.186,0.088
196,2004,US-TOTAL,Coal,1978300548.0,2004-01-01,270119217.0,3547479479.0,0.0,7.547,53.095,1.076,33.25,3.31,1.235,1.138
197,2004,US-TOTAL,Geothermal,14810974.0,2004-01-01,270119217.0,3547479479.0,0.0,7.547,53.095,1.076,33.25,3.31,1.235,1.138
198,2004,US-TOTAL,Hydroelectric Conventional,268417307.0,2004-01-01,270119217.0,3547479479.0,0.0,7.547,53.095,1.076,33.25,3.31,1.235,1.138
199,2004,US-TOTAL,Natural Gas,710100015.0,2004-01-01,270119217.0,3547479479.0,0.0,7.547,53.095,1.076,33.25,3.31,1.235,1.138
200,2004,US-TOTAL,Nuclear,788528387.0,2004-01-01,270119217.0,3547479479.0,0.0,7.547,53.095,1.076,33.25,3.31,1.235,1.138
201,2004,US-TOTAL,Other,14232402.0,2004-01-01,270119217.0,3547479479.0,0.0,7.547,53.095,1.076,33.25,3.31,1.235,1.138
202,2004,US-TOTAL,Other Biomass,15420568.0,2004-01-01,270119217.0,3547479479.0,0.0,7.547,53.095,1.076,33.25,3.31,1.235,1.138
203,2004,US-TOTAL,Other Gases,15252429.0,2004-01-01,270119217.0,3547479479.0,0.0,7.547,53.095,1.076,33.25,3.31,1.235,1.138
204,2004,US-TOTAL,Petroleum,121145058.0,2004-01-01,270119217.0,3547479479.0,0.0,7.547,53.095,1.076,33.25,3.31,1.235,1.138
205,2004,US-TOTAL,Pumped Storage,-8488210.0,2004-01-01,270119217.0,3547479479.0,0.0,7.547,53.095,1.076,33.25,3.31,1.235,1.138
206,2004,US-TOTAL,Solar Thermal and Photovoltaic,575157.0,2004-01-01,270119217.0,3547479479.0,0.0,7.547,53.095,1.076,33.25,3.31,1.235,1.138
208,2004,US-TOTAL,Wind,14143741.0,2004-01-01,270119217.0,3547479479.0,0.0,7.547,53.095,1.076,33.25,3.31,1.235,1.138
209,2004,US-TOTAL,Wood and Wood Derived Fuels,38116884.0,2004-01-01,270119217.0,3547479479.0,0.0,7.547,53.095,1.076,33.25,3.31,1.235,1.138
210,2005,US-TOTAL,Coal,2012873046.0,2005-01-01,298002811.0,3660968521.0,0.0,8.086,53.638,1.618,30.08,0.14,-0.105,-0.202
211,2005,US-TOTAL,Geothermal,14691743.0,2005-01-01,298002811.0,3660968521.0,0.0,8.086,53.638,1.618,30.08,0.14,-0.105,-0.202
212,2005,US-TOTAL,Hydroelectric Conventional,270321256.0,2005-01-01,298002811.0,3660968521.0,0.0,8.086,53.638,1.618,30.08,0.14,-0.105,-0.202
213,2005,US-TOTAL,Natural Gas,760960255.0,2005-01-01,298002811.0,3660968521.0,0.0,8.086,53.638,1.618,30.08,0.14,-0.105,-0.202
214,2005,US-TOTAL,Nuclear,781986365.0,2005-01-01,298002811.0,3660968521.0,0.0,8.086,53.638,1.618,30.08,0.14,-0.105,-0.202
215,2005,US-TOTAL,Other,12821060.0,2005-01-01,298002811.0,3660968521.0,0.0,8.086,53.638,1.618,30.08,0.14,-0.105,-0.202
216,2005,US-TOTAL,Other Biomass,15420393.0,2005-01-01,298002811.0,3660968521.0,0.0,8.086,53.638,1.618,30.08,0.14,-0.105,-0.202
217,2005,US-TOTAL,Other Gases,13464144.0,2005-01-01,298002811.0,3660968521.0,0.0,8.086,53.638,1.618,30.08,0.14,-0.105,-0.202
218,2005,US-TOTAL,Petroleum,122225015.0,2005-01-01,298002811.0,3660968521.0,0.0,8.086,53.638,1.618,30.08,0.14,-0.105,-0.202
219,2005,US-TOTAL,Pumped Storage,-6557789.0,2005-01-01,298002811.0,3660968521.0,0.0,8.086,53.638,1.618,30.08,0.14,-0.105,-0.202
220,2005,US-TOTAL,Solar Thermal and Photovoltaic,550294.0,2005-01-01,298002811.0,3660968521.0,0.0,8.086,53.638,1.618,30.08,0.14,-0.105,-0.202
222,2005,US-TOTAL,Wind,17810551.0,2005-01-01,298002811.0,3660968521.0,0.0,8.086,53.638,1.618,30.08,0.14,-0.105,-0.202
223,2005,US-TOTAL,Wood and Wood Derived Fuels,38856416.0,2005-01-01,298002811.0,3660968521.0,0.0,8.086,53.638,1.618,30.08,0.14,-0.105,-0.202
224,2006,US-TOTAL,Coal,1990511135.0,2006-01-01,326505965.0,3669918842.0,0.0,8.838,54.252,2.233,29.82,-0.12,-0.694,-0.792
225,2006,US-TOTAL,Geothermal,14568028.0,2006-01-01,326505965.0,3669918842.0,0.0,8.838,54.252,2.233,29.82,-0.12,-0.694,-0.792
226,2006,US-TOTAL,Hydroelectric Conventional,289246416.0,2006-01-01,326505965.0,3669918842.0,0.0,8.838,54.252,2.233,29.82,-0.12,-0.694,-0.792
227,2006,US-TOTAL,Natural Gas,816440769.0,2006-01-01,326505965.0,3669918842.0,0.0,8.838,54.252,2.233,29.82,-0.12,-0.694,-0.792
228,2006,US-TOTAL,Nuclear,787218636.0,2006-01-01,326505965.0,3669918842.0,0.0,8.838,54.252,2.233,29.82,-0.12,-0.694,-0.792
229,2006,US-TOTAL,Other,12974398.0,2006-01-01,326505965.0,3669918842.0,0.0,8.838,54.252,2.233,29.82,-0.12,-0.694,-0.792
230,2006,US-TOTAL,Other Biomass,16098523.0,2006-01-01,326505965.0,3669918842.0,0.0,8.838,54.252,2.233,29.82,-0.12,-0.694,-0.792
231,2006,US-TOTAL,Other Gases,14176809.0,2006-01-01,326505965.0,3669918842.0,0.0,8.838,54.252,2.233,29.82,-0.12,-0.694,-0.792
232,2006,US-TOTAL,Petroleum,64166415.0,2006-01-01,326505965.0,3669918842.0,0.0,8.838,54.252,2.233,29.82,-0.12,-0.694,-0.792
233,2006,US-TOTAL,Pumped Storage,-6557842.0,2006-01-01,326505965.0,3669918842.0,0.0,8.838,54.252,2.233,29.82,-0.12,-0.694,-0.792
234,2006,US-TOTAL,Solar Thermal and Photovoltaic,507704.0,2006-01-01,326505965.0,3669918842.0,0.0,8.838,54.252,2.233,29.82,-0.12,-0.694,-0.792
236,2006,US-TOTAL,Wind,26589138.0,2006-01-01,326505965.0,3669918842.0,0.0,8.838,54.252,2.233,29.82,-0.12,-0.694,-0.792
237,2006,US-TOTAL,Wood and Wood Derived Fuels,38762095.0,2006-01-01,326505965.0,3669918842.0,0.0,8.838,54.252,2.233,29.82,-0.12,-0.694,-0.792
238,2007,US-TOTAL,Coal,2016455585.0,2007-01-01,343702557.0,3764560731.0,117619553.833,9.187,53.653,1.634,29.18,-0.76,-0.769,-0.867
239,2007,US-TOTAL,Geothermal,14637212.0,2007-01-01,343702557.0,3764560731.0,117619553.833,9.187,53.653,1.634,29.18,-0.76,-0.769,-0.867
240,2007,US-TOTAL,Hydroelectric Conventional,247509975.0,2007-01-01,343702557.0,3764560731.0,117619553.833,9.187,53.653,1.634,29.18,-0.76,-0.769,-0.867
241,2007,US-TOTAL,Natural Gas,896589793.0,2007-01-01,343702557.0,3764560731.0,117619553.833,9.187,53.653,1.634,29.18,-0.76,-0.769,-0.867
242,2007,US-TOTAL,Nuclear,806424753.0,2007-01-01,343702557.0,3764560731.0,117619553.833,9.187,53.653,1.634,29.18,-0.76,-0.769,-0.867
243,2007,US-TOTAL,Other,12231131.0,2007-01-01,343702557.0,3764560731.0,117619553.833,9.187,53.653,1.634,29.18,-0.76,-0.769,-0.867
244,2007,US-TOTAL,Other Biomass,16524554.0,2007-01-01,343702557.0,3764560731.0,117619553.833,9.187,53.653,1.634,29.18,-0.76,-0.769,-0.867
245,2007,US-TOTAL,Other Gases,13453354.0,2007-01-01,343702557.0,3764560731.0,117619553.833,9.187,53.653,1.634,29.18,-0.76,-0.769,-0.867
246,2007,US-TOTAL,Petroleum,65738977.0,2007-01-01,343702557.0,3764560731.0,117619553.833,9.187,53.653,1.634,29.18,-0.76,-0.769,-0.867
247,2007,US-TOTAL,Pumped Storage,-6896352.0,2007-01-01,343702557.0,3764560731.0,117619553.833,9.187,53.653,1.634,29.18,-0.76,-0.769,-0.867
248,2007,US-TOTAL,Solar Thermal and Photovoltaic,611793.0,2007-01-01,343702557.0,3764560731.0,117619553.833,9.187,53.653,1.634,29.18,-0.76,-0.769,-0.867
250,2007,US-TOTAL,Wind,34449927.0,2007-01-01,343702557.0,3764560731.0,117619553.833,9.187,53.653,1.634,29.18,-0.76,-0.769,-0.867
251,2007,US-TOTAL,Wood and Wood Derived Fuels,39014025.0,2007-01-01,343702557.0,3764560731.0,117619553.833,9.187,53.653,1.634,29.18,-0.76,-0.769,-0.867
252,2008,US-TOTAL,Coal,1985801245.0,2008-01-01,363583107.0,3733964624.0,143395690.833,9.978,52.294,0.275,31.24,1.3,0.361,0.263
253,2008,US-TOTAL,Geothermal,14839976.0,2008-01-01,363583107.0,3733964624.0,143395690.833,9.978,52.294,0.275,31.24,1.3,0.361,0.263
254,2008,US-TOTAL,Hydroelectric Conventional,254831383.0,2008-01-01,363583107.0,3733964624.0,143395690.833,9.978,52.294,0.275,31.24,1.3,0.361,0.263
255,2008,US-TOTAL,Natural Gas,882980600.0,2008-01-01,363583107.0,3733964624.0,143395690.833,9.978,52.294,0.275,31.24,1.3,0.361,0.263
256,2008,US-TOTAL,Nuclear,806208435.0,2008-01-01,363583107.0,3733964624.0,143395690.833,9.978,52.294,0.275,31.24,1.3,0.361,0.263
257,2008,US-TOTAL,Other,11803666.0,2008-01-01,363583107.0,3733964624.0,143395690.833,9.978,52.294,0.275,31.24,1.3,0.361,0.263
258,2008,US-TOTAL,Other Biomass,17733759.0,2008-01-01,363583107.0,3733964624.0,143395690.833,9.978,52.294,0.275,31.24,1.3,0.361,0.263
259,2008,US-TOTAL,Other Gases,11706876.0,2008-01-01,363583107.0,3733964624.0,143395690.833,9.978,52.294,0.275,31.24,1.3,0.361,0.263
260,2008,US-TOTAL,Petroleum,46242612.0,2008-01-01,363583107.0,3733964624.0,143395690.833,9.978,52.294,0.275,31.24,1.3,0.361,0.263
261,2008,US-TOTAL,Pumped Storage,-6288062.0,2008-01-01,363583107.0,3733964624.0,143395690.833,9.978,52.294,0.275,31.24,1.3,0.361,0.263
262,2008,US-TOTAL,Solar Thermal and Photovoltaic,864315.0,2008-01-01,363583107.0,3733964624.0,143395690.833,9.978,52.294,0.275,31.24,1.3,0.361,0.263
264,2008,US-TOTAL,Wind,55363101.0,2008-01-01,363583107.0,3733964624.0,143395690.833,9.978,52.294,0.275,31.24,1.3,0.361,0.263
265,2008,US-TOTAL,Wood and Wood Derived Fuels,37299855.0,2008-01-01,363583107.0,3733964624.0,143395690.833,9.978,52.294,0.275,31.24,1.3,0.361,0.263
266,2009,US-TOTAL,Coal,1755904253.0,2009-01-01,353289274.0,3596795150.0,143529126.25,9.935,52.39,0.371,32.3,2.36,1.15,1.052
267,2009,US-TOTAL,Geothermal,15008659.0,2009-01-01,353289274.0,3596795150.0,143529126.25,9.935,52.39,0.371,32.3,2.36,1.15,1.052
268,2009,US-TOTAL,Hydroelectric Conventional,273445095.0,2009-01-01,353289274.0,3596795150.0,143529126.25,9.935,52.39,0.371,32.3,2.36,1.15,1.052
269,2009,US-TOTAL,Natural Gas,920978681.0,2009-01-01,353289274.0,3596795150.0,143529126.25,9.935,52.39,0.371,32.3,2.36,1.15,1.052
270,2009,US-TOTAL,Nuclear,798854585.0,2009-01-01,353289274.0,3596795150.0,143529126.25,9.935,52.39,0.371,32.3,2.36,1.15,1.052
271,2009,US-TOTAL,Other,11928333.0,2009-01-01,353289274.0,3596795150.0,143529126.25,9.935,52.39,0.371,32.3,2.36,1.15,1.052
272,2009,US-TOTAL,Other Biomass,18442596.0,2009-01-01,353289274.0,3596795150.0,143529126.25,9.935,52.39,0.371,32.3,2.36,1.15,1.052
273,2009,US-TOTAL,Other Gases,10632107.0,2009-01-01,353289274.0,3596795150.0,143529126.25,9.935,52.39,0.371,32.3,2.36,1.15,1.052
274,2009,US-TOTAL,Petroleum,38936515.0,2009-01-01,353289274.0,3596795150.0,143529126.25,9.935,52.39,0.371,32.3,2.36,1.15,1.052
275,2009,US-TOTAL,Pumped Storage,-4627345.0,2009-01-01,353289274.0,3596795150.0,143529126.25,9.935,52.39,0.371,32.3,2.36,1.15,1.052
276,2009,US-TOTAL,Solar Thermal and Photovoltaic,891180.0,2009-01-01,353289274.0,3596795150.0,143529126.25,9.935,52.39,0.371,32.3,2.36,1.15,1.052
278,2009,US-TOTAL,Wind,73886132.0,2009-01-01,353289274.0,3596795150.0,143529126.25,9.935,52.39,0.371,32.3,2.36,1.15,1.052
279,2009,US-TOTAL,Wood and Wood Derived Fuels,36050138.0,2009-01-01,353289274.0,3596795150.0,143529126.25,9.935,52.39,0.371,32.3,2.36,1.15,1.052
280,2010,US-TOTAL,Coal,1847290278.0,2010-01-01,368918125.0,3754841377.0,144139861.75,10.082,52.984,0.965,31.37,1.43,0.396,0.298
281,2010,US-TOTAL,Geothermal,15219213.0,2010-01-01,368918125.0,3754841377.0,144139861.75,10.082,52.984,0.965,31.37,1.43,0.396,0.298
282,2010,US-TOTAL,Hydroelectric Conventional,260203068.0,2010-01-01,368918125.0,3754841377.0,144139861.75,10.082,52.984,0.965,31.37,1.43,0.396,0.298
283,2010,US-TOTAL,Natural Gas,987697234.0,2010-01-01,368918125.0,3754841377.0,144139861.75,10.082,52.984,0.965,31.37,1.43,0.396,0.298
284,2010,US-TOTAL,Nuclear,806968301.0,2010-01-01,368918125.0,3754841377.0,144139861.75,10.082,52.984,0.965,31.37,1.43,0.396,0.298
285,2010,US-TOTAL,Other,12855342.0,2010-01-01,368918125.0,3754841377.0,144139861.75,10.082,52.984,0.965,31.37,1.43,0.396,0.298
286,2010,US-TOTAL,Other Biomass,18917206.0,2010-01-01,368918125.0,3754841377.0,144139861.75,10.082,52.984,0.965,31.37,1.43,0.396,0.298
287,2010,US-TOTAL,Other Gases,11312787.0,2010-01-01,368918125.0,3754841377.0,144139861.75,10.082,52.984,0.965,31.37,1.43,0.396,0.298
288,2010,US-TOTAL,Petroleum,37061014.0,2010-01-01,368918125.0,3754841377.0,144139861.75,10.082,52.984,0.965,31.37,1.43,0.396,0.298
289,2010,US-TOTAL,Pumped Storage,-5501132.0,2010-01-01,368918125.0,3754841377.0,144139861.75,10.082,52.984,0.965,31.37,1.43,0.396,0.298
290,2010,US-TOTAL,Solar Thermal and Photovoltaic,1212181.0,2010-01-01,368918125.0,3754841377.0,144139861.75,10.082,52.984,0.965,31.37,1.43,0.396,0.298
292,2010,US-TOTAL,Wind,94652246.0,2010-01-01,368918125.0,3754841377.0,144139861.75,10.082,52.984,0.965,31.37,1.43,0.396,0.298
293,2010,US-TOTAL,Wood and Wood Derived Fuels,37172160.0,2010-01-01,368918125.0,3754841377.0,144139861.75,10.082,52.984,0.965,31.37,1.43,0.396,0.298
294,2011,US-TOTAL,Coal,1733430005.34,2011-01-01,371049086.0,3749846184.0,144508981.583,10.292,53.183,1.164,30.1,0.16,-0.337,-0.435
295,2011,US-TOTAL,Geothermal,15363825.99,2011-01-01,371049086.0,3749846184.0,144508981.583,10.292,53.183,1.164,30.1,0.16,-0.337,-0.435
296,2011,US-TOTAL,Hydroelectric Conventional,319354903.45,2011-01-01,371049086.0,3749846184.0,144508981.583,10.292,53.183,1.164,30.1,0.16,-0.337,-0.435
297,2011,US-TOTAL,Natural Gas,1013688929.26,2011-01-01,371049086.0,3749846184.0,144508981.583,10.292,53.183,1.164,30.1,0.16,-0.337,-0.435
298,2011,US-TOTAL,Nuclear,790204367.0,2011-01-01,371049086.0,3749846184.0,144508981.583,10.292,53.183,1.164,30.1,0.16,-0.337,-0.435
299,2011,US-TOTAL,Other,14105841.45,2011-01-01,371049086.0,3749846184.0,144508981.583,10.292,53.183,1.164,30.1,0.16,-0.337,-0.435
300,2011,US-TOTAL,Other Biomass,19221763.21,2011-01-01,371049086.0,3749846184.0,144508981.583,10.292,53.183,1.164,30.1,0.16,-0.337,-0.435
301,2011,US-TOTAL,Other Gases,11566200.33,2011-01-01,371049086.0,3749846184.0,144508981.583,10.292,53.183,1.164,30.1,0.16,-0.337,-0.435
302,2011,US-TOTAL,Petroleum,30182245.08,2011-01-01,371049086.0,3749846184.0,144508981.583,10.292,53.183,1.164,30.1,0.16,-0.337,-0.435
303,2011,US-TOTAL,Pumped Storage,-5905392.01,2011-01-01,371049086.0,3749846184.0,144508981.583,10.292,53.183,1.164,30.1,0.16,-0.337,-0.435
304,2011,US-TOTAL,Solar Thermal and Photovoltaic,1817695.65,2011-01-01,371049086.0,3749846184.0,144508981.583,10.292,53.183,1.164,30.1,0.16,-0.337,-0.435
306,2011,US-TOTAL,Wind,120176598.63,2011-01-01,371049086.0,3749846184.0,144508981.583,10.292,53.183,1.164,30.1,0.16,-0.337,-0.435
307,2011,US-TOTAL,Wood and Wood Derived Fuels,37449066.79,2011-01-01,371049086.0,3749846184.0,144508981.583,10.292,53.183,1.164,30.1,0.16,-0.337,-0.435
308,2012,US-TOTAL,Coal,1514042944.55,2012-01-01,363687487.0,3694649791.0,145293583.083,10.323,55.284,3.265,27.53,-2.41,-1.997,-2.094
309,2012,US-TOTAL,Geothermal,15562425.62,2012-01-01,363687487.0,3694649791.0,145293583.083,10.323,55.284,3.265,27.53,-2.41,-1.997,-2.094
310,2012,US-TOTAL,Hydroelectric Conventional,276240223.38,2012-01-01,363687487.0,3694649791.0,145293583.083,10.323,55.284,3.265,27.53,-2.41,-1.997,-2.094
311,2012,US-TOTAL,Natural Gas,1225894175.39,2012-01-01,363687487.0,3694649791.0,145293583.083,10.323,55.284,3.265,27.53,-2.41,-1.997,-2.094
312,2012,US-TOTAL,Nuclear,769331249.0,2012-01-01,363687487.0,3694649791.0,145293583.083,10.323,55.284,3.265,27.53,-2.41,-1.997,-2.094
313,2012,US-TOTAL,Other,13787066.63,2012-01-01,363687487.0,3694649791.0,145293583.083,10.323,55.284,3.265,27.53,-2.41,-1.997,-2.094
314,2012,US-TOTAL,Other Biomass,19823036.86,2012-01-01,363687487.0,3694649791.0,145293583.083,10.323,55.284,3.265,27.53,-2.41,-1.997,-2.094
315,2012,US-TOTAL,Other Gases,11897585.08,2012-01-01,363687487.0,3694649791.0,145293583.083,10.323,55.284,3.265,27.53,-2.41,-1.997,-2.094
316,2012,US-TOTAL,Petroleum,23189541.44,2012-01-01,363687487.0,3694649791.0,145293583.083,10.323,55.284,3.265,27.53,-2.41,-1.997,-2.094
317,2012,US-TOTAL,Pumped Storage,-4950496.0,2012-01-01,363687487.0,3694649791.0,145293583.083,10.323,55.284,3.265,27.53,-2.41,-1.997,-2.094
318,2012,US-TOTAL,Solar Thermal and Photovoltaic,4326675.24,2012-01-01,363687487.0,3694649791.0,145293583.083,10.323,55.284,3.265,27.53,-2.41,-1.997,-2.094
320,2012,US-TOTAL,Wind,140821702.86,2012-01-01,363687487.0,3694649791.0,145293583.083,10.323,55.284,3.265,27.53,-2.41,-1.997,-2.094
321,2012,US-TOTAL,Wood and Wood Derived Fuels,37799129.09,2012-01-01,363687487.0,3694649791.0,145293583.083,10.323,55.284,3.265,27.53,-2.41,-1.997,-2.094
322,2013,US-TOTAL,Coal,1581114715.8,2013-01-01,375057738.5,3724867829.37,146288214.417,10.576,52.427,0.408,31.06,1.12,0.271,0.173
323,2013,US-TOTAL,Geothermal,15774674.08,2013-01-01,375057738.5,3724867829.37,146288214.417,10.576,52.427,0.408,31.06,1.12,0.271,0.173
324,2013,US-TOTAL,Hydroelectric Conventional,268565382.73,2013-01-01,375057738.5,3724867829.37,146288214.417,10.576,52.427,0.408,31.06,1.12,0.271,0.173
325,2013,US-TOTAL,Natural Gas,1124835559.85,2013-01-01,375057738.5,3724867829.37,146288214.417,10.576,52.427,0.408,31.06,1.12,0.271,0.173
326,2013,US-TOTAL,Nuclear,789016473.0,2013-01-01,375057738.5,3724867829.37,146288214.417,10.576,52.427,0.408,31.06,1.12,0.271,0.173
327,2013,US-TOTAL,Other,13587521.8,2013-01-01,375057738.5,3724867829.37,146288214.417,10.576,52.427,0.408,31.06,1.12,0.271,0.173
328,2013,US-TOTAL,Other Biomass,20830489.55,2013-01-01,375057738.5,3724867829.37,146288214.417,10.576,52.427,0.408,31.06,1.12,0.271,0.173
329,2013,US-TOTAL,Other Gases,12852937.16,2013-01-01,375057738.5,3724867829.37,146288214.417,10.576,52.427,0.408,31.06,1.12,0.271,0.173
330,2013,US-TOTAL,Petroleum,27164443.74,2013-01-01,375057738.5,3724867829.37,146288214.417,10.576,52.427,0.408,31.06,1.12,0.271,0.173
331,2013,US-TOTAL,Pumped Storage,-4681033.0,2013-01-01,375057738.5,3724867829.37,146288214.417,10.576,52.427,0.408,31.06,1.12,0.271,0.173
332,2013,US-TOTAL,Solar Thermal and Photovoltaic,9035620.39,2013-01-01,375057738.5,3724867829.37,146288214.417,10.576,52.427,0.408,31.06,1.12,0.271,0.173
334,2013,US-TOTAL,Wind,167839745.45,2013-01-01,375057738.5,3724867829.37,146288214.417,10.576,52.427,0.408,31.06,1.12,0.271,0.173
335,2013,US-TOTAL,Wood and Wood Derived Fuels,40027536.96,2013-01-01,375057738.5,3724867829.37,146288214.417,10.576,52.427,0.408,31.06,1.12,0.271,0.173
336,2014,US-TOTAL,Coal,1585696613.12,2014-01-01,393096410.6,3764700270.75,147373361.667,10.95,52.539,0.52,30.85,0.91,0.377,0.279
337,2014,US-TOTAL,Geothermal,16628434.52,2014-01-01,393096410.6,3764700270.75,147373361.667,10.95,52.539,0.52,30.85,0.91,0.377,0.279
338,2014,US-TOTAL,Hydroelectric Conventional,258748948.25,2014-01-01,393096410.6,3764700270.75,147373361.667,10.95,52.539,0.52,30.85,0.91,0.377,0.279
339,2014,US-TOTAL,Natural Gas,1121927523.07,2014-01-01,393096410.6,3764700270.75,147373361.667,10.95,52.539,0.52,30.85,0.91,0.377,0.279
340,2014,US-TOTAL,Nuclear,797067458.0,2014-01-01,393096410.6,3764700270.75,147373361.667,10.95,52.539,0.52,30.85,0.91,0.377,0.279
341,2014,US-TOTAL,Other,12575953.9,2014-01-01,393096410.6,3764700270.75,147373361.667,10.95,52.539,0.52,30.85,0.91,0.377,0.279
342,2014,US-TOTAL,Other Biomass,21269065.27,2014-01-01,393096410.6,3764700270.75,147373361.667,10.95,52.539,0.52,30.85,0.91,0.377,0.279
343,2014,US-TOTAL,Other Gases,11577838.11,2014-01-01,393096410.6,3764700270.75,147373361.667,10.95,52.539,0.52,30.85,0.91,0.377,0.279
344,2014,US-TOTAL,Petroleum,30488867.9,2014-01-01,393096410.6,3764700270.75,147373361.667,10.95,52.539,0.52,30.85,0.91,0.377,0.279
345,2014,US-TOTAL,Pumped Storage,-6208716.0,2014-01-01,393096410.6,3764700270.75,147373361.667,10.95,52.539,0.52,30.85,0.91,0.377,0.279
346,2014,US-TOTAL,Solar Thermal and Photovoltaic,18321454.11,2014-01-01,393096410.6,3764700270.75,147373361.667,10.95,52.539,0.52,30.85,0.91,0.377,0.279
348,2014,US-TOTAL,Wind,181791389.22,2014-01-01,393096410.6,3764700270.75,147373361.667,10.95,52.539,0.52,30.85,0.91,0.377,0.279
349,2014,US-TOTAL,Wood and Wood Derived Fuels,43049861.71,2014-01-01,393096410.6,3764700270.75,147373361.667,10.95,52.539,0.52,30.85,0.91,0.377,0.279
350,2015,US-TOTAL,Coal,1352398199.0,2015-01-01,391341468.53,3758992392.54,148632855.0,10.908,54.402,2.382,34.59,4.65,0.908,0.81
351,2015,US-TOTAL,Geothermal,15917574.0,2015-01-01,391341468.53,3758992392.54,148632855.0,10.908,54.402,2.382,34.59,4.65,0.908,0.81
352,2015,US-TOTAL,Hydroelectric Conventional,249080085.0,2015-01-01,391341468.53,3758992392.54,148632855.0,10.908,54.402,2.382,34.59,4.65,0.908,0.81
353,2015,US-TOTAL,Natural Gas,1333482110.0,2015-01-01,391341468.53,3758992392.54,148632855.0,10.908,54.402,2.382,34.59,4.65,0.908,0.81
354,2015,US-TOTAL,Nuclear,797177877.0,2015-01-01,391341468.53,3758992392.54,148632855.0,10.908,54.402,2.382,34.59,4.65,0.908,0.81
355,2015,US-TOTAL,Other,14027807.0,2015-01-01,391341468.53,3758992392.54,148632855.0,10.908,54.402,2.382,34.59,4.65,0.908,0.81
356,2015,US-TOTAL,Other Biomass,21703372.0,2015-01-01,391341468.53,3758992392.54,148632855.0,10.908,54.402,2.382,34.59,4.65,0.908,0.81
357,2015,US-TOTAL,Other Gases,13116697.0,2015-01-01,391341468.53,3758992392.54,148632855.0,10.908,54.402,2.382,34.59,4.65,0.908,0.81
358,2015,US-TOTAL,Petroleum,28248750.0,2015-01-01,391341468.53,3758992392.54,148632855.0,10.908,54.402,2.382,34.59,4.65,0.908,0.81
359,2015,US-TOTAL,Pumped Storage,-5091488.0,2015-01-01,391341468.53,3758992392.54,148632855.0,10.908,54.402,2.382,34.59,4.65,0.908,0.81
360,2015,US-TOTAL,Solar Thermal and Photovoltaic,24892904.0,2015-01-01,391341468.53,3758992392.54,148632855.0,10.908,54.402,2.382,34.59,4.65,0.908,0.81
362,2015,US-TOTAL,Wind,190718548.0,2015-01-01,391341468.53,3758992392.54,148632855.0,10.908,54.402,2.382,34.59,4.65,0.908,0.81
363,2015,US-TOTAL,Wood and Wood Derived Fuels,41928506.0,2015-01-01,391341468.53,3758992392.54,148632855.0,10.908,54.402,2.382,34.59,4.65,0.908,0.81
364,2016,US-TOTAL,Coal,1239148654.0,2016-01-01,386509044.19,3762461627.65,150055190.917,10.799,54.915,2.896,31.42,1.48,-0.333,-0.431
365,2016,US-TOTAL,Geothermal,15825808.0,2016-01-01,386509044.19,3762461627.65,150055190.917,10.799,54.915,2.896,31.42,1.48,-0.333,-0.431
366,2016,US-TOTAL,Hydroelectric Conventional,267812152.0,2016-01-01,386509044.19,3762461627.65,150055190.917,10.799,54.915,2.896,31.42,1.48,-0.333,-0.431
367,2016,US-TOTAL,Natural Gas,1378306934.0,2016-01-01,386509044.19,3762461627.65,150055190.917,10.799,54.915,2.896,31.42,1.48,-0.333,-0.431
368,2016,US-TOTAL,Nuclear,805693948.0,2016-01-01,386509044.19,3762461627.65,150055190.917,10.799,54.915,2.896,31.42,1.48,-0.333,-0.431
369,2016,US-TOTAL,Other,13754234.0,2016-01-01,386509044.19,3762461627.65,150055190.917,10.799,54.915,2.896,31.42,1.48,-0.333,-0.431
370,2016,US-TOTAL,Other Biomass,21813231.0,2016-01-01,386509044.19,3762461627.65,150055190.917,10.799,54.915,2.896,31.42,1.48,-0.333,-0.431
371,2016,US-TOTAL,Other Gases,12807433.0,2016-01-01,386509044.19,3762461627.65,150055190.917,10.799,54.915,2.896,31.42,1.48,-0.333,-0.431
372,2016,US-TOTAL,Petroleum,24204806.0,2016-01-01,386509044.19,3762461627.65,150055190.917,10.799,54.915,2.896,31.42,1.48,-0.333,-0.431
373,2016,US-TOTAL,Pumped Storage,-6686127.0,2016-01-01,386509044.19,3762461627.65,150055190.917,10.799,54.915,2.896,31.42,1.48,-0.333,-0.431
374,2016,US-TOTAL,Solar Thermal and Photovoltaic,36054119.0,2016-01-01,386509044.19,3762461627.65,150055190.917,10.799,54.915,2.896,31.42,1.48,-0.333,-0.431
376,2016,US-TOTAL,Wind,226992562.0,2016-01-01,386509044.19,3762461627.65,150055190.917,10.799,54.915,2.896,31.42,1.48,-0.333,-0.431
377,2016,US-TOTAL,Wood and Wood Derived Fuels,40947229.0,2016-01-01,386509044.19,3762461627.65,150055190.917,10.799,54.915,2.896,31.42,1.48,-0.333,-0.431
378,2017,US-TOTAL,Coal,1205835275.0,2017-01-01,390322265.69,3723355980.05,151779384.833,11.047,54.552,2.532,32.31,2.37,0.067,-0.03
379,2017,US-TOTAL,Geothermal,15926774.0,2017-01-01,390322265.69,3723355980.05,151779384.833,11.047,54.552,2.532,32.31,2.37,0.067,-0.03
380,2017,US-TOTAL,Hydroelectric Conventional,300332931.0,2017-01-01,390322265.69,3723355980.05,151779384.833,11.047,54.552,2.532,32.31,2.37,0.067,-0.03
381,2017,US-TOTAL,Natural Gas,1296442492.0,2017-01-01,390322265.69,3723355980.05,151779384.833,11.047,54.552,2.532,32.31,2.37,0.067,-0.03
382,2017,US-TOTAL,Nuclear,804949635.0,2017-01-01,390322265.69,3723355980.05,151779384.833,11.047,54.552,2.532,32.31,2.37,0.067,-0.03
383,2017,US-TOTAL,Other,13096117.0,2017-01-01,390322265.69,3723355980.05,151779384.833,11.047,54.552,2.532,32.31,2.37,0.067,-0.03
384,2017,US-TOTAL,Other Biomass,21609892.0,2017-01-01,390322265.69,3723355980.05,151779384.833,11.047,54.552,2.532,32.31,2.37,0.067,-0.03
385,2017,US-TOTAL,Other Gases,12468967.0,2017-01-01,390322265.69,3723355980.05,151779384.833,11.047,54.552,2.532,32.31,2.37,0.067,-0.03
386,2017,US-TOTAL,Petroleum,21389944.0,2017-01-01,390322265.69,3723355980.05,151779384.833,11.047,54.552,2.532,32.31,2.37,0.067,-0.03
387,2017,US-TOTAL,Pumped Storage,-6494548.0,2017-01-01,390322265.69,3723355980.05,151779384.833,11.047,54.552,2.532,32.31,2.37,0.067,-0.03
388,2017,US-TOTAL,Solar Thermal and Photovoltaic,53286865.0,2017-01-01,390322265.69,3723355980.05,151779384.833,11.047,54.552,2.532,32.31,2.37,0.067,-0.03
390,2017,US-TOTAL,Wind,254302696.0,2017-01-01,390322265.69,3723355980.05,151779384.833,11.047,54.552,2.532,32.31,2.37,0.067,-0.03
391,2017,US-TOTAL,Wood and Wood Derived Fuels,41123518.0,2017-01-01,390322265.69,3723355980.05,151779384.833,11.047,54.552,2.532,32.31,2.37,0.067,-0.03
392,2018,US-TOTAL,Coal,1149487338.0,2018-01-01,406498314.91,3860118799.64,153340274.25,11.204,53.518,1.499,34.65,4.71,0.688,0.591
393,2018,US-TOTAL,Geothermal,15967134.0,2018-01-01,406498314.91,3860118799.64,153340274.25,11.204,53.518,1.499,34.65,4.71,0.688,0.591
394,2018,US-TOTAL,Hydroelectric Conventional,292523989.0,2018-01-01,406498314.91,3860118799.64,153340274.25,11.204,53.518,1.499,34.65,4.71,0.688,0.591
395,2018,US-TOTAL,Natural Gas,1469132682.0,2018-01-01,406498314.91,3860118799.64,153340274.25,11.204,53.518,1.499,34.65,4.71,0.688,0.591
396,2018,US-TOTAL,Nuclear,807084477.0,2018-01-01,406498314.91,3860118799.64,153340274.25,11.204,53.518,1.499,34.65,4.71,0.688,0.591
397,2018,US-TOTAL,Other,12973204.0,2018-01-01,406498314.91,3860118799.64,153340274.25,11.204,53.518,1.499,34.65,4.71,0.688,0.591
398,2018,US-TOTAL,Other Biomass,20895766.0,2018-01-01,406498314.91,3860118799.64,153340274.25,11.204,53.518,1.499,34.65,4.71,0.688,0.591
399,2018,US-TOTAL,Other Gases,13462748.0,2018-01-01,406498314.91,3860118799.64,153340274.25,11.204,53.518,1.499,34.65,4.71,0.688,0.591
400,2018,US-TOTAL,Petroleum,25225618.0,2018-01-01,406498314.91,3860118799.64,153340274.25,11.204,53.518,1.499,34.65,4.71,0.688,0.591
401,2018,US-TOTAL,Pumped Storage,-5904539.0,2018-01-01,406498314.91,3860118799.64,153340274.25,11.204,53.518,1.499,34.65,4.71,0.688,0.591
402,2018,US-TOTAL,Solar Thermal and Photovoltaic,63825314.0,2018-01-01,406498314.91,3860118799.64,153340274.25,11.204,53.518,1.499,34.65,4.71,0.688,0.591
404,2018,US-TOTAL,Wind,272667454.0,2018-01-01,406498314.91,3860118799.64,153340274.25,11.204,53.518,1.499,34.65,4.71,0.688,0.591
405,2018,US-TOTAL,Wood and Wood Derived Fuels,40936160.0,2018-01-01,406498314.91,3860118799.64,153340274.25,11.204,53.518,1.499,34.65,4.71,0.688,0.591
406,2019,US-TOTAL,Coal,964956760.0,2019-01-01,401738144.19,3811150469.49,154898040.583,11.244,52.676,0.657,34.82,4.88,1.612,1.514
407,2019,US-TOTAL,Geothermal,15472718.0,2019-01-01,401738144.19,3811150469.49,154898040.583,11.244,52.676,0.657,34.82,4.88,1.612,1.514
408,2019,US-TOTAL,Hydroelectric Conventional,287873730.0,2019-01-01,401738144.19,3811150469.49,154898040.583,11.244,52.676,0.657,34.82,4.88,1.612,1.514
409,2019,US-TOTAL,Natural Gas,1585716793.0,2019-01-01,401738144.19,3811150469.49,154898040.583,11.244,52.676,0.657,34.82,4.88,1.612,1.514
410,2019,US-TOTAL,Nuclear,809409262.0,2019-01-01,401738144.19,3811150469.49,154898040.583,11.244,52.676,0.657,34.82,4.88,1.612,1.514
411,2019,US-TOTAL,Other,13334258.0,2019-01-01,401738144.19,3811150469.49,154898040.583,11.244,52.676,0.657,34.82,4.88,1.612,1.514
412,2019,US-TOTAL,Other Biomass,18963571.0,2019-01-01,401738144.19,3811150469.49,154898040.583,11.244,52.676,0.657,34.82,4.88,1.612,1.514
413,2019,US-TOTAL,Other Gases,12591094.0,2019-01-01,401738144.19,3811150469.49,154898040.583,11.244,52.676,0.657,34.82,4.88,1.612,1.514
414,2019,US-TOTAL,Petroleum,18438176.0,2019-01-01,401738144.19,3811150469.49,154898040.583,11.244,52.676,0.657,34.82,4.88,1.612,1.514
415,2019,US-TOTAL,Pumped Storage,-5260744.0,2019-01-01,401738144.19,3811150469.49,154898040.583,11.244,52.676,0.657,34.82,4.88,1.612,1.514
416,2019,US-TOTAL,Solar Thermal and Photovoltaic,71936822.0,2019-01-01,401738144.19,3811150469.49,154898040.583,11.244,52.676,0.657,34.82,4.88,1.612,1.514
418,2019,US-TOTAL,Wind,294906319.0,2019-01-01,401738144.19,3811150469.49,154898040.583,11.244,52.676,0.657,34.82,4.88,1.612,1.514
419,2019,US-TOTAL,Wood and Wood Derived Fuels,38543382.0,2019-01-01,401738144.19,3811150469.49,154898040.583,11.244,52.676,0.657,34.82,4.88,1.612,1.514
420,2020,US-TOTAL,Coal,773392896.0,2020-01-01,393639421.4,3717674484.46,156522919.667,11.235,54.372,2.353,30.38,0.44,-0.348,-0.445
421,2020,US-TOTAL,Geothermal,15889696.0,2020-01-01,393639421.4,3717674484.46,156522919.667,11.235,54.372,2.353,30.38,0.44,-0.348,-0.445
422,2020,US-TOTAL,Hydroelectric Conventional,285273895.0,2020-01-01,393639421.4,3717674484.46,156522919.667,11.235,54.372,2.353,30.38,0.44,-0.348,-0.445
423,2020,US-TOTAL,Natural Gas,1624049999.0,2020-01-01,393639421.4,3717674484.46,156522919.667,11.235,54.372,2.353,30.38,0.44,-0.348,-0.445
424,2020,US-TOTAL,Nuclear,789878863.0,2020-01-01,393639421.4,3717674484.46,156522919.667,11.235,54.372,2.353,30.38,0.44,-0.348,-0.445
425,2020,US-TOTAL,Other,12855187.0,2020-01-01,393639421.4,3717674484.46,156522919.667,11.235,54.372,2.353,30.38,0.44,-0.348,-0.445
426,2020,US-TOTAL,Other Biomass,18492673.0,2020-01-01,393639421.4,3717674484.46,156522919.667,11.235,54.372,2.353,30.38,0.44,-0.348,-0.445
427,2020,US-TOTAL,Other Gases,11818480.0,2020-01-01,393639421.4,3717674484.46,156522919.667,11.235,54.372,2.353,30.38,0.44,-0.348,-0.445
428,2020,US-TOTAL,Petroleum,17341016.0,2020-01-01,393639421.4,3717674484.46,156522919.667,11.235,54.372,2.353,30.38,0.44,-0.348,-0.445
429,2020,US-TOTAL,Pumped Storage,-5321205.0,2020-01-01,393639421.4,3717674484.46,156522919.667,11.235,54.372,2.353,30.38,0.44,-0.348,-0.445
430,2020,US-TOTAL,Solar Thermal and Photovoltaic,89198716.0,2020-01-01,393639421.4,3717674484.46,156522919.667,11.235,54.372,2.353,30.38,0.44,-0.348,-0.445
432,2020,US-TOTAL,Wind,337938049.0,2020-01-01,393639421.4,3717674484.46,156522919.667,11.235,54.372,2.353,30.38,0.44,-0.348,-0.445
433,2020,US-TOTAL,Wood and Wood Derived Fuels,36210336.0,2020-01-01,393639421.4,3717674484.46,156522919.667,11.235,54.372,2.353,30.38,0.44,-0.348,-0.445
434,2021,US-TOTAL,Coal,898678526.0,2021-01-01,424516421.05,3793728702.96,157865121.583,11.728,54.504,2.485,30.47,0.53,-0.686,-0.783
435,2021,US-TOTAL,Geothermal,16237885.0,2021-01-01,424516421.05,3793728702.96,157865121.583,11.728,54.504,2.485,30.47,0.53,-0.686,-0.783
436,2021,US-TOTAL,Hydroelectric Conventional,260224887.0,2021-01-01,424516421.05,3793728702.96,157865121.583,11.728,54.504,2.485,30.47,0.53,-0.686,-0.783
437,2021,US-TOTAL,Natural Gas,1575229809.0,2021-01-01,424516421.05,3793728702.96,157865121.583,11.728,54.504,2.485,30.47,0.53,-0.686,-0.783
438,2021,US-TOTAL,Nuclear,778151500.0,2021-01-01,424516421.05,3793728702.96,157865121.583,11.728,54.504,2.485,30.47,0.53,-0.686,-0.783
439,2021,US-TOTAL,Other,12139756.0,2021-01-01,424516421.05,3793728702.96,157865121.583,11.728,54.504,2.485,30.47,0.53,-0.686,-0.783
440,2021,US-TOTAL,Other Biomass,18308653.0,2021-01-01,424516421.05,3793728702.96,157865121.583,11.728,54.504,2.485,30.47,0.53,-0.686,-0.783
441,2021,US-TOTAL,Other Gases,11283104.0,2021-01-01,424516421.05,3793728702.96,157865121.583,11.728,54.504,2.485,30.47,0.53,-0.686,-0.783
442,2021,US-TOTAL,Petroleum,18781783.0,2021-01-01,424516421.05,3793728702.96,157865121.583,11.728,54.504,2.485,30.47,0.53,-0.686,-0.783
443,2021,US-TOTAL,Pumped Storage,-5111684.0,2021-01-01,424516421.05,3793728702.96,157865121.583,11.728,54.504,2.485,30.47,0.53,-0.686,-0.783
444,2021,US-TOTAL,Solar Thermal and Photovoltaic,114678239.0,2021-01-01,424516421.05,3793728702.96,157865121.583,11.728,54.504,2.485,30.47,0.53,-0.686,-0.783
446,2021,US-TOTAL,Wind,379767248.0,2021-01-01,424516421.05,3793728702.96,157865121.583,11.728,54.504,2.485,30.47,0.53,-0.686,-0.783
447,2021,US-TOTAL,Wood and Wood Derived Fuels,37170453.0,2021-01-01,424516421.05,3793728702.96,157865121.583,11.728,54.504,2.485,30.47,0.53,-0.686,-0.783
